,VER,LEC,HAM,ANT,NOR,PIA,GAS,LAW,LIN,HUL,BEA,COL,OCO,RUS,BOR,SAI,HAD,ALB,ALO,PER,BOT,STR
VER,0.0,0.4404,0.5753,0.6109,0.7006,0.763,0.7799,0.7824,0.7915,0.8054,0.8006,0.7971,0.8014,0.7962,0.8055,0.8176,0.8041,0.8178,0.8266,0.8262,0.8264,0.8279
LEC,0.5596,0.0,0.6812,0.7177,0.7918,0.831,0.8306,0.8287,0.8278,0.8379,0.834,0.8304,0.8331,0.8291,0.8376,0.8476,0.8358,0.8456,0.8537,0.8546,0.8528,0.8534
HAM,0.4247,0.3188,0.0,0.5579,0.7051,0.8088,0.8314,0.8306,0.8317,0.8408,0.8373,0.8334,0.8363,0.8283,0.8394,0.851,0.8374,0.8488,0.8574,0.8572,0.8556,0.8579
ANT,0.3891,0.2823,0.4421,0.0,0.665,0.7914,0.8272,0.8283,0.829,0.8385,0.8356,0.8313,0.8342,0.8257,0.8382,0.8469,0.8337,0.8468,0.8557,0.855,0.8545,0.8556
NOR,0.2994,0.2082,0.2949,0.335,0.0,0.663,0.7233,0.7444,0.7665,0.7897,0.7844,0.7805,0.7869,0.7773,0.7926,0.8057,0.7886,0.8084,0.8178,0.8191,0.8175,0.8191
PIA,0.237,0.169,0.1912,0.2086,0.337,0.0,0.6382,0.6939,0.7458,0.7793,0.7719,0.7724,0.7812,0.7705,0.7887,0.8041,0.7885,0.8056,0.8189,0.8186,0.8198,0.8191
GAS,0.2201,0.1694,0.1686,0.1728,0.2767,0.3618,0.0,0.6252,0.7814,0.8355,0.8284,0.8352,0.842,0.8277,0.8479,0.8644,0.8473,0.867,0.8783,0.8751,0.8776,0.8812
LAW,0.2176,0.1713,0.1694,0.1717,0.2556,0.3061,0.3748,0.0,0.7485,0.8356,0.8279,0.8433,0.8583,0.8474,0.8683,0.8873,0.8736,0.8916,0.9048,0.9023,0.9047,0.909
LIN,0.2085,0.1722,0.1683,0.171,0.2335,0.2542,0.2186,0.2515,0.0,0.7019,0.7002,0.735,0.7805,0.8086,0.8192,0.8467,0.8449,0.8692,0.892,0.8914,0.8947,0.9025
HUL,0.1946,0.1621,0.1592,0.1615,0.2103,0.2207,0.1645,0.1644,0.2981,0.0,0.4994,0.5342,0.6082,0.6819,0.6832,0.7101,0.7291,0.7566,0.79,0.7967,0.8037,0.8141
BEA,0.1994,0.166,0.1627,0.1644,0.2156,0.2281,0.1716,0.1721,0.2998,0.5006,0.0,0.5398,0.6187,0.7038,0.6911,0.7242,0.7523,0.7774,0.8136,0.8205,0.8284,0.8422
COL,0.2029,0.1696,0.1666,0.1687,0.2195,0.2276,0.1648,0.1567,0.265,0.4658,0.4602,0.0,0.5876,0.7089,0.6859,0.7206,0.7651,0.7887,0.8314,0.8412,0.8527,0.8679
OCO,0.1986,0.1669,0.1637,0.1658,0.2131,0.2188,0.158,0.1417,0.2195,0.3918,0.3813,0.4124,0.0,0.6422,0.6071,0.6421,0.707,0.7286,0.7775,0.796,0.8118,0.8283
RUS,0.2038,0.1709,0.1717,0.1743,0.2227,0.2295,0.1723,0.1526,0.1914,0.3181,0.2962,0.2911,0.3578,0.0,0.447,0.4978,0.5731,0.5969,0.6558,0.7011,0.7299,0.7515
BOR,0.1945,0.1624,0.1606,0.1618,0.2074,0.2113,0.1521,0.1317,0.1808,0.3168,0.3089,0.3141,0.3929,0.553,0.0,0.542,0.622,0.6441,0.7003,0.7328,0.752,0.7728
SAI,0.1824,0.1524,0.149,0.1531,0.1943,0.1959,0.1356,0.1127,0.1533,0.2899,0.2758,0.2794,0.3579,0.5022,0.458,0.0,0.5619,0.5885,0.6427,0.6671,0.6846,0.703
HAD,0.1959,0.1642,0.1626,0.1663,0.2114,0.2115,0.1527,0.1264,0.1551,0.2709,0.2477,0.2349,0.293,0.4269,0.378,0.4381,0.0,0.5249,0.59,0.64,0.6726,0.6947
ALB,0.1822,0.1544,0.1512,0.1532,0.1916,0.1944,0.133,0.1084,0.1308,0.2434,0.2226,0.2113,0.2714,0.4031,0.3559,0.4115,0.4751,0.0,0.5601,0.6045,0.6315,0.6512
ALO,0.1734,0.1463,0.1426,0.1443,0.1822,0.1811,0.1217,0.0952,0.108,0.21,0.1864,0.1686,0.2225,0.3442,0.2997,0.3573,0.41,0.4399,0.0,0.5463,0.5697,0.5899
PER,0.1738,0.1454,0.1428,0.145,0.1809,0.1814,0.1249,0.0977,0.1086,0.2033,0.1795,0.1588,0.204,0.2989,0.2672,0.3329,0.36,0.3955,0.4537,0.0,0.529,0.5446
BOT,0.1736,0.1472,0.1444,0.1455,0.1825,0.1802,0.1224,0.0953,0.1053,0.1963,0.1716,0.1473,0.1882,0.2701,0.248,0.3154,0.3274,0.3685,0.4303,0.471,0.0,0.5142
STR,0.1721,0.1466,0.1421,0.1444,0.1809,0.1809,0.1188,0.091,0.0975,0.1859,0.1578,0.1321,0.1717,0.2485,0.2272,0.297,0.3053,0.3488,0.4101,0.4554,0.4858,0.0
