Driver,Team,BestLap_s,TheoreticalBest_s,QualiScore_s,Pace_norm,Prior,QualScore,PredPos,P_Pole,P_Top3,P_Q3,P_Q2,PosLow,PosHigh,PosExp,Fascia,BestLap_fmt,Theo_fmt
RUS,Mercedes,92.26,92.20799999999998,92.19399999999999,1.0,0.807,0.99035,1,0.36018,0.74098,0.99958,1.0,1,5,2.6,P1-P5,1:32.260,1:32.194
NOR,McLaren,92.56269999999999,92.41,92.42569999999999,0.9316881891620962,0.764,0.9233037797039914,2,0.1844,0.55564,0.9980600000000002,1.0000000000000002,1,6,3.5,P1-P6,1:32.563,1:32.426
LEC,Ferrari,92.4835,92.47200000000001,92.4835,0.9146470900406815,0.803,0.9090647355386473,3,0.17418,0.53426,0.99736,0.9999600000000001,1,6,3.6,P1-P6,1:32.484,1:32.484
HAM,Ferrari,92.79639999999999,92.50800000000001,92.5314,0.900524795094046,0.807,0.8958485553393437,4,0.15162,0.5010600000000001,0.99682,0.99992,1,7,3.7,P1-P7,1:32.796,1:32.531
VER,Red Bull Racing,93.0344,92.764,92.7924,0.8235745032136301,0.766,0.8206957780529486,5,0.06046,0.28532,0.98714,0.9998400000000001,2,8,4.9,P2-P8,1:33.034,1:32.792
PIA,McLaren,92.8608,92.789,92.8118,0.817854826345889,0.741,0.8140120850285946,6,0.05348,0.26028,0.9858800000000001,0.9997000000000001,2,8,5.1,P2-P8,1:32.861,1:32.812
ANT,Mercedes,93.527,93.275,93.277,0.6807005130019439,0.843,0.6888154873518467,7,0.0133,0.09015999999999999,0.9347199999999999,0.9970199999999999,4,10,6.8,P4-P10,1:33.527,1:33.277
HAD,Red Bull Racing,93.7197,93.586,93.5827,0.5905713780293629,0.7,0.5960428091278948,8,0.00174,0.02128,0.78178,0.97824,6,12,8.7,P6-P12,1:33.720,1:33.583
GAS,Alpine,94.0157,93.866,93.8437,0.5136210861489471,0.72,0.5239400318414997,9,0.00042,0.00696,0.62468,0.94726,7,14,10.0,P7-P14,1:34.016,1:33.844
LAW,Racing Bulls,94.15820000000001,94.117,94.12020000000001,0.4321009493484248,0.707,0.44584590188100354,10,0.00016,0.0019000000000000002,0.40834000000000004,0.86412,8,16,11.7,P8-P16,1:34.158,1:34.120
BEA,Haas F1 Team,94.339,94.119,94.127,0.43009611415767535,0.703,0.4437413084497916,11,4e-05,0.00166,0.39916,0.86192,8,16,11.7,P8-P16,1:34.339,1:34.127
LIN,Racing Bulls,94.4645,94.40799999999999,94.39649999999999,0.3506397782888174,0.668,0.3665077893743765,12,2e-05,0.00012,0.20951999999999998,0.70456,9,18,13.6,P9-P18,1:34.465,1:34.396
OCO,Haas F1 Team,94.4862,94.435,94.4402,0.3377557639011721,0.665,0.35411797570611353,13,0.0,0.0002,0.18336,0.6757799999999999,9,19,13.8,P9-P19,1:34.486,1:34.440
ALO,Aston Martin,94.56920000000001,94.447,94.52120000000001,0.3138746388348349,0.594,0.3278809068930931,14,0.0,6e-05,0.12712,0.57966,10,19,14.7,P10-P19,1:34.569,1:34.521
SAI,Williams,94.6453,94.651,94.64529999999999,0.2772863966035761,0.679,0.2973720767733973,15,0.0,6.000000000000001e-05,0.10758000000000001,0.5368,10,20,15.1,P10-P20,1:34.645,1:34.645
BOR,Audi,94.75679999999998,94.658,94.6788,0.2674096350020656,0.663,0.2871891532519623,16,0.0,2e-05,0.0947,0.5010600000000001,11,20,15.4,P11-P20,1:34.757,1:34.679
ALB,Williams,94.8382,94.71199999999999,94.74519999999998,0.24783300902176397,0.611,0.2659913585706758,17,0.0,4e-05,0.06658,0.42436,11,20,16.0,P11-P20,1:34.838,1:34.745
HUL,Audi,94.8882,94.884,94.8882,0.2056725042750176,0.644,0.2275888790612667,18,0.0,0.0,0.041499999999999995,0.33746,12,21,16.8,P12-P21,1:34.888,1:34.888
COL,Alpine,94.9604,94.96199999999999,94.93939999999999,0.19057727460345852,0.704,0.21624841087328558,19,0.0,0.0,0.0412,0.33199999999999996,12,21,16.8,P12-P21,1:34.960,1:34.939
PER,Cadillac,95.31790000000001,95.24099999999999,95.25989999999999,0.09608467480394389,0.617,0.1221304410637467,20,0.0,0.0,0.0083,0.12792,15,22,18.9,P15-P22,1:35.318,1:35.260
STR,Aston Martin,95.3757,95.25299999999999,95.36069999999998,0.06636594138806085,0.601,0.0930976443186578,21,0.0,0.0,0.0048400000000000006,0.09002,16,22,19.4,P16-P22,1:35.376,1:35.361
BOT,Cadillac,95.67580000000001,95.53,95.5858,0.0,0.593,0.02965,22,0.0,0.0,0.00178,0.0424,17,22,20.3,P17-P22,1:35.676,1:35.586
