,VER,LEC,NOR,RUS,HAD,ANT,HAM,PIA,GAS,LAW,LIN,HUL,BOR,OCO,BEA,COL,SAI,ALB,PER,ALO,BOT,STR
VER,0.0,0.4382,0.5684,0.5136,0.6856,0.654,0.7064,0.7782,0.8002,0.8019,0.8165,0.8286,0.8211,0.8093,0.7985,0.7667,0.8144,0.8149,0.8404,0.8607,0.8549,0.8643
LEC,0.5618,0.0,0.6429,0.5973,0.7276,0.7542,0.7996,0.8481,0.8558,0.8513,0.8575,0.8637,0.8569,0.8456,0.8346,0.8008,0.8476,0.8445,0.8693,0.8859,0.8806,0.8864
NOR,0.4316,0.3571,0.0,0.4296,0.5912,0.591,0.6576,0.7636,0.7794,0.7838,0.8038,0.8201,0.8107,0.7952,0.7876,0.7548,0.8051,0.8063,0.8355,0.8565,0.8505,0.8583
RUS,0.4864,0.4027,0.5704,0.0,0.6734,0.6926,0.7584,0.8401,0.8598,0.8568,0.8676,0.8776,0.8664,0.8552,0.8428,0.8103,0.8567,0.8559,0.881,0.9014,0.8966,0.9041
HAD,0.3144,0.2724,0.4088,0.3266,0.0,0.4721,0.5429,0.6684,0.7291,0.7447,0.7822,0.8052,0.7941,0.7776,0.77,0.7387,0.7914,0.7964,0.8304,0.8556,0.8492,0.8612
ANT,0.346,0.2458,0.409,0.3074,0.5279,0.0,0.5963,0.7502,0.8115,0.8182,0.8445,0.8581,0.8452,0.8306,0.818,0.7854,0.8393,0.8397,0.8713,0.8961,0.8892,0.8998
HAM,0.2936,0.2004,0.3424,0.2416,0.4571,0.4037,0.0,0.676,0.7576,0.7751,0.809,0.8299,0.8154,0.7971,0.7873,0.7531,0.8097,0.8141,0.8471,0.8732,0.8673,0.8785
PIA,0.2218,0.1519,0.2364,0.1599,0.3316,0.2498,0.324,0.0,0.607,0.6509,0.7222,0.7621,0.7478,0.7284,0.7259,0.6948,0.7565,0.7637,0.8101,0.8427,0.8372,0.8512
GAS,0.1998,0.1442,0.2206,0.1402,0.2709,0.1885,0.2424,0.393,0.0,0.5807,0.7007,0.7669,0.7486,0.7292,0.7327,0.7058,0.7729,0.7876,0.841,0.8811,0.8755,0.8937
LAW,0.1981,0.1487,0.2162,0.1432,0.2553,0.1818,0.2249,0.3491,0.4193,0.0,0.642,0.7357,0.7193,0.7013,0.7154,0.6953,0.762,0.7847,0.8472,0.8923,0.8909,0.9144
LIN,0.1835,0.1425,0.1962,0.1324,0.2178,0.1555,0.191,0.2778,0.2993,0.358,0.0,0.6249,0.6206,0.6017,0.6379,0.634,0.699,0.738,0.8196,0.8632,0.8731,0.9057
HUL,0.1714,0.1363,0.1799,0.1224,0.1948,0.1419,0.1701,0.2379,0.2331,0.2643,0.3751,0.0,0.5019,0.4841,0.5238,0.5332,0.5967,0.6417,0.7359,0.7743,0.7934,0.8328
BOR,0.1789,0.1431,0.1893,0.1336,0.2059,0.1548,0.1846,0.2522,0.2514,0.2807,0.3794,0.4981,0.0,0.4819,0.5203,0.535,0.5939,0.6399,0.7318,0.7688,0.7904,0.8313
OCO,0.1907,0.1544,0.2048,0.1448,0.2224,0.1694,0.2029,0.2716,0.2708,0.2987,0.3983,0.5159,0.5181,0.0,0.5405,0.5483,0.6116,0.6551,0.7511,0.7875,0.8102,0.8518
BEA,0.2015,0.1654,0.2124,0.1572,0.23,0.182,0.2127,0.2741,0.2673,0.2846,0.3621,0.4762,0.4797,0.4595,0.0,0.5167,0.577,0.6254,0.7278,0.7535,0.7938,0.8396
COL,0.2333,0.1992,0.2452,0.1897,0.2613,0.2146,0.2469,0.3052,0.2942,0.3047,0.366,0.4668,0.465,0.4517,0.4833,0.0,0.5622,0.6023,0.7121,0.7267,0.7767,0.8267
SAI,0.1856,0.1524,0.1949,0.1433,0.2086,0.1607,0.1903,0.2435,0.2271,0.238,0.301,0.4033,0.4061,0.3884,0.423,0.4378,0.0,0.5413,0.6492,0.6679,0.7137,0.7579
ALB,0.1851,0.1555,0.1937,0.1441,0.2036,0.1603,0.1859,0.2363,0.2124,0.2153,0.262,0.3583,0.3601,0.3449,0.3746,0.3977,0.4587,0.0,0.6138,0.6244,0.6828,0.7352
PER,0.1596,0.1307,0.1645,0.119,0.1696,0.1287,0.1529,0.1899,0.159,0.1528,0.1804,0.2641,0.2682,0.2489,0.2722,0.2879,0.3508,0.3862,0.0,0.501,0.5594,0.6111
ALO,0.1393,0.1141,0.1435,0.0986,0.1444,0.1039,0.1268,0.1573,0.1189,0.1077,0.1368,0.2257,0.2312,0.2125,0.2465,0.2733,0.3321,0.3756,0.499,0.0,0.5712,0.6231
BOT,0.1451,0.1194,0.1495,0.1034,0.1508,0.1108,0.1327,0.1628,0.1245,0.1091,0.1269,0.2066,0.2096,0.1898,0.2062,0.2233,0.2863,0.3172,0.4406,0.4288,0.0,0.5512
STR,0.1357,0.1136,0.1417,0.0959,0.1388,0.1002,0.1215,0.1488,0.1063,0.0856,0.0943,0.1672,0.1687,0.1482,0.1604,0.1733,0.2421,0.2648,0.3889,0.3769,0.4488,0.0
