,RUS,ANT,LEC,VER,HAM,NOR,PIA,HAD,GAS,LIN,BOR,LAW,HUL,COL,BEA,OCO,SAI,ALB,PER,ALO,BOT,STR
RUS,0.0,0.503,0.6751,0.6881,0.7522,0.8337,0.8581,0.8898,0.8787,0.891,0.8898,0.857,0.8879,0.8693,0.8627,0.8567,0.872,0.8723,0.8889,0.8976,0.8998,0.9077
ANT,0.497,0.0,0.67,0.6831,0.7491,0.8322,0.8542,0.887,0.8783,0.8899,0.8873,0.8555,0.8869,0.8681,0.8621,0.8562,0.8688,0.8714,0.8891,0.8968,0.898,0.9061
LEC,0.3249,0.33,0.0,0.5459,0.5882,0.713,0.7532,0.8246,0.8203,0.8454,0.8483,0.803,0.8505,0.826,0.8207,0.8129,0.8343,0.8368,0.8612,0.8711,0.8729,0.8842
VER,0.3119,0.3169,0.4541,0.0,0.5208,0.6361,0.6759,0.7911,0.7676,0.7981,0.8083,0.7574,0.8106,0.7868,0.7816,0.7747,0.799,0.8043,0.8315,0.8432,0.8452,0.8571
HAM,0.2478,0.2509,0.4118,0.4792,0.0,0.6559,0.7116,0.8164,0.8142,0.8436,0.8425,0.791,0.8442,0.8164,0.8104,0.8033,0.826,0.829,0.8532,0.8663,0.8688,0.8818
NOR,0.1663,0.1678,0.287,0.3639,0.3441,0.0,0.561,0.6952,0.7122,0.7602,0.7777,0.7144,0.7842,0.751,0.7493,0.7444,0.7744,0.7838,0.8164,0.8321,0.8331,0.8498
PIA,0.1419,0.1458,0.2468,0.3241,0.2884,0.439,0.0,0.658,0.6888,0.7419,0.7658,0.6994,0.7757,0.7437,0.7413,0.7342,0.7705,0.7782,0.8147,0.833,0.8357,0.851
HAD,0.1102,0.113,0.1754,0.2089,0.1836,0.3048,0.342,0.0,0.5653,0.6311,0.7045,0.617,0.7276,0.6898,0.6965,0.6906,0.7393,0.7519,0.8016,0.8264,0.8298,0.8561
GAS,0.1213,0.1217,0.1797,0.2324,0.1858,0.2878,0.3112,0.4347,0.0,0.5644,0.6792,0.5881,0.7179,0.6833,0.6947,0.6902,0.7521,0.7693,0.8245,0.8594,0.8635,0.8953
LIN,0.109,0.1101,0.1546,0.2019,0.1564,0.2398,0.2581,0.3689,0.4356,0.0,0.6509,0.5539,0.6974,0.6627,0.68,0.6764,0.7492,0.771,0.8322,0.8723,0.879,0.9157
BOR,0.1102,0.1127,0.1517,0.1917,0.1575,0.2223,0.2342,0.2955,0.3208,0.3491,0.0,0.4186,0.5552,0.5229,0.5503,0.554,0.6364,0.6656,0.7413,0.7885,0.794,0.8414
LAW,0.143,0.1445,0.197,0.2426,0.209,0.2856,0.3006,0.383,0.4119,0.4461,0.5814,0.0,0.6284,0.6006,0.6256,0.6297,0.7105,0.7338,0.8079,0.8549,0.8607,0.9072
HUL,0.1121,0.1131,0.1495,0.1894,0.1558,0.2158,0.2243,0.2724,0.2821,0.3026,0.4448,0.3716,0.0,0.4733,0.5077,0.5175,0.607,0.6364,0.7211,0.7771,0.7853,0.8407
COL,0.1307,0.1319,0.174,0.2132,0.1836,0.249,0.2563,0.3102,0.3167,0.3373,0.4771,0.3994,0.5267,0.0,0.5341,0.5401,0.6324,0.6646,0.7544,0.8115,0.8201,0.8821
BEA,0.1373,0.1379,0.1793,0.2184,0.1896,0.2507,0.2587,0.3035,0.3053,0.32,0.4497,0.3744,0.4923,0.4659,0.0,0.5091,0.6018,0.6292,0.7244,0.7821,0.7913,0.8554
OCO,0.1433,0.1438,0.1871,0.2253,0.1967,0.2556,0.2658,0.3094,0.3098,0.3236,0.446,0.3703,0.4825,0.4599,0.4909,0.0,0.5894,0.6228,0.7138,0.7747,0.7834,0.8516
SAI,0.128,0.1312,0.1657,0.201,0.174,0.2256,0.2295,0.2607,0.2479,0.2508,0.3636,0.2895,0.393,0.3676,0.3982,0.4106,0.0,0.5303,0.6324,0.6923,0.6983,0.7783
ALB,0.1277,0.1286,0.1632,0.1957,0.171,0.2162,0.2218,0.2481,0.2307,0.229,0.3344,0.2662,0.3636,0.3354,0.3708,0.3772,0.4697,0.0,0.6063,0.6722,0.6827,0.7681
PER,0.1111,0.1109,0.1388,0.1685,0.1468,0.1836,0.1853,0.1984,0.1755,0.1678,0.2587,0.1921,0.2789,0.2456,0.2756,0.2862,0.3676,0.3937,0.0,0.5584,0.567,0.6507
ALO,0.1024,0.1032,0.1289,0.1568,0.1337,0.1679,0.167,0.1736,0.1406,0.1277,0.2115,0.1451,0.2229,0.1885,0.2179,0.2253,0.3077,0.3278,0.4416,0.0,0.5101,0.6123
BOT,0.1002,0.102,0.1271,0.1548,0.1312,0.1669,0.1643,0.1702,0.1365,0.121,0.206,0.1393,0.2147,0.1799,0.2087,0.2166,0.3017,0.3173,0.433,0.4899,0.0,0.6029
STR,0.0923,0.0939,0.1158,0.1429,0.1182,0.1502,0.149,0.1439,0.1047,0.0843,0.1586,0.0928,0.1593,0.1179,0.1446,0.1484,0.2217,0.2319,0.3493,0.3877,0.3971,0.0
