,P1,P2,P3,P4,P5,P6,P7,P8,P9,P10,P11,P12,P13,P14,P15,P16,P17,P18,P19,P20,P21,P22
LEC,0.2114,0.18086,0.15058,0.13092,0.11356,0.08518,0.06154,0.03732,0.01674,0.00702,0.00292,0.00126,0.00042,0.0002,4e-05,4e-05,0.0,0.0,0.0,0.0,0.0,0.0
RUS,0.2026,0.17478,0.15498,0.13372,0.11226,0.08822,0.06492,0.03862,0.01612,0.00804,0.0033,0.00158,0.00054,0.00022,6e-05,2e-05,2e-05,0.0,0.0,0.0,0.0,0.0
ANT,0.1957,0.17252,0.15426,0.13658,0.11388,0.0917,0.06488,0.03874,0.01824,0.00752,0.00362,0.00142,0.00062,0.00026,6e-05,0.0,0.0,0.0,0.0,0.0,0.0,0.0
HAM,0.1614,0.1587,0.15102,0.1386,0.12424,0.10438,0.07734,0.04632,0.0213,0.00954,0.0041,0.00168,0.00092,0.00026,0.00012,8e-05,0.0,0.0,0.0,0.0,0.0,0.0
VER,0.09246,0.1139,0.12848,0.13278,0.13608,0.12704,0.1124,0.0778,0.04056,0.02022,0.00964,0.005,0.00208,0.00086,0.0006,6e-05,4e-05,0.0,0.0,0.0,0.0,0.0
NOR,0.06376,0.08836,0.10608,0.12264,0.13624,0.14366,0.12946,0.09644,0.05406,0.02962,0.01474,0.00786,0.00396,0.00194,0.00074,0.00038,6e-05,0.0,0.0,0.0,0.0,0.0
PIA,0.05886,0.0811,0.1025,0.11904,0.13198,0.1416,0.13908,0.10504,0.05816,0.0315,0.01538,0.00794,0.00432,0.00182,0.001,0.00058,0.0001,0.0,0.0,0.0,0.0,0.0
HAD,0.0128,0.02536,0.04084,0.06058,0.0851,0.11792,0.15396,0.1755,0.12424,0.08054,0.05284,0.0305,0.01882,0.01064,0.00646,0.0025,0.00104,0.00034,2e-05,0.0,0.0,0.0
LIN,0.00052,0.00168,0.00442,0.0094,0.01524,0.03092,0.05582,0.09654,0.14308,0.14624,0.13054,0.10812,0.08854,0.06584,0.04794,0.02946,0.01722,0.00646,0.00176,0.0002,6e-05,0.0
GAS,0.00016,0.00094,0.00242,0.00512,0.01004,0.02036,0.03674,0.07248,0.11876,0.1343,0.13152,0.12128,0.10602,0.08652,0.06626,0.04622,0.02662,0.01076,0.00286,0.0006,2e-05,0.0
LAW,0.00018,0.0009,0.00198,0.00488,0.00878,0.018,0.03626,0.0694,0.11358,0.13012,0.1324,0.12344,0.10748,0.09062,0.069,0.04866,0.0292,0.01158,0.00292,0.00056,6e-05,0.0
BOR,6e-05,0.00026,0.00108,0.00214,0.00496,0.01206,0.02378,0.04976,0.08628,0.11036,0.12572,0.12888,0.12074,0.10758,0.08928,0.06818,0.04338,0.01878,0.0056,0.00102,0.0001,0.0
HUL,8e-05,0.00046,0.00086,0.0022,0.00434,0.01104,0.0229,0.04652,0.07994,0.10744,0.12122,0.12664,0.12508,0.11254,0.09166,0.07306,0.04452,0.02196,0.0061,0.0012,0.0002,4e-05
COL,0.0,0.00014,0.0003,0.00066,0.0017,0.00406,0.00936,0.02144,0.04368,0.06642,0.08842,0.10716,0.11882,0.1327,0.1306,0.11536,0.08878,0.04938,0.01634,0.00386,0.00068,0.00014
OCO,2e-05,2e-05,0.0001,0.00038,0.00084,0.00178,0.00534,0.0124,0.02822,0.0469,0.06576,0.08476,0.10744,0.12568,0.14328,0.14258,0.12036,0.07696,0.02784,0.00746,0.0017,0.00018
BEA,0.0,2e-05,0.0001,0.00036,0.00066,0.00184,0.00538,0.01258,0.0285,0.0461,0.0663,0.0878,0.1077,0.1252,0.14392,0.14666,0.1191,0.0723,0.02622,0.00764,0.00146,0.00016
SAI,0.0,0.0,0.0,0.0,8e-05,0.00018,0.00072,0.00244,0.00628,0.01298,0.02136,0.03604,0.0535,0.08078,0.11452,0.15626,0.19992,0.182,0.08762,0.03378,0.00964,0.0019
ALB,0.0,0.0,0.0,0.0,2e-05,6e-05,0.0001,0.00064,0.00216,0.00464,0.00936,0.01656,0.02804,0.0464,0.07192,0.11904,0.18714,0.25672,0.15542,0.07094,0.0253,0.00554
ALO,0.0,0.0,0.0,0.0,0.0,0.0,2e-05,2e-05,8e-05,0.00042,0.0007,0.00166,0.00376,0.00706,0.0152,0.03202,0.07142,0.1528,0.29838,0.23526,0.1312,0.05
PER,0.0,0.0,0.0,0.0,0.0,0.0,0.0,0.0,2e-05,6e-05,0.00012,0.00038,0.00096,0.00242,0.00578,0.01454,0.03722,0.09212,0.2171,0.30094,0.21862,0.10972
BOT,0.0,0.0,0.0,0.0,0.0,0.0,0.0,0.0,0.0,2e-05,4e-05,4e-05,0.00024,0.00036,0.00138,0.00346,0.01116,0.03618,0.10736,0.21942,0.35074,0.2696
STR,0.0,0.0,0.0,0.0,0.0,0.0,0.0,0.0,0.0,0.0,0.0,0.0,0.0,0.0001,0.00018,0.00084,0.0027,0.01166,0.04446,0.11712,0.26022,0.56272
