Driver,Team,BestLap_s,LongRunPace_s,Degradation_s_per_lap,TotalLaps,CompositeScore,PredictedPosition,GridPos,_has_pace,P_Win,P_Podium,P_Top5,P_Top6,P_Top10,P_DNF,P_Points,ExpectedPoints,P_BeatTeammate,Reliability,BestLap_fmt,RacePace_fmt,Degradation_fmt
LEC,Ferrari,66.374,90.14789999999999,-0.6102474675936109,1826,0.9945858823529413,1,1,1,0.44306,0.738030596794268,0.7877,0.79008,0.79008,0.2090671809516745,0.79008,16.71222,0.7278,0.816,1:06.374,1:30.148,-0.610s/lap
RUS,Mercedes,66.138,90.0078,-0.6405858695749518,1793,0.9356675473537164,2,2,1,0.2654,0.6491141452412552,0.7602199999999999,0.7750199999999999,0.7750199999999999,0.2090671809516745,0.7750199999999999,14.57796,0.59,0.746,1:06.138,1:30.008,-0.641s/lap
ANT,Mercedes,66.439,89.90299999999999,-0.8372023374428953,1575,0.8741138235326606,3,3,1,0.12784,0.5591596030998371,0.7678400000000001,0.7863600000000001,0.7863600000000001,0.2090671809516745,0.7863600000000001,12.86552,0.41,0.88,1:06.439,1:29.903,-0.837s/lap
HAM,Ferrari,66.433,90.1896,-0.7575926515363353,1711,0.8034080415825484,4,4,1,0.06948,0.44035812056908286,0.7388600000000001,0.77566,0.77566,0.2090671809516745,0.77566,11.510819999999997,0.2722,0.87,1:06.433,1:30.190,-0.758s/lap
VER,Red Bull Racing,66.5,89.8,-0.5978947872447596,1643,0.7796369323615424,5,5,1,0.05776,0.3071830760450261,0.5897,0.67078,0.7258609641423506,0.24975870637540332,0.7258609641423506,9.639460000000001,0.74908,0.7,1:06.500,1:29.800,-0.598s/lap
NOR,McLaren,66.527,90.42179999999999,-0.844424885910615,1620,0.6944864726437293,6,6,1,0.00942,0.1432246529186465,0.4807,0.61338,0.7094221774837042,0.26016531914104507,0.7094221774837042,7.652440000000001,0.62404,0.7,1:06.527,1:30.422,-0.844s/lap
PIA,McLaren,66.536,90.5168,-0.9663638077401832,1742,0.616905336604539,7,7,1,0.00134,0.04428663453141439,0.29376,0.46598000000000006,0.6992931586894344,0.26016531914104507,0.6992931586894344,5.90498,0.37596,0.7,1:06.536,1:30.517,-0.966s/lap
HAD,Red Bull Racing,66.657,90.2205,-0.5806101452114718,1295,0.5514857436965364,8,8,1,8e-05,0.012525055182325155,0.14357999999999999,0.28474,0.6831264040461082,0.24975870637540332,0.6831264040461082,4.3702,0.25092,0.76,1:06.657,1:30.221,-0.581s/lap
LIN,Racing Bulls,67.032,91.581,-0.45076936252704125,1662,0.476525612754771,9,9,1,0.00012,0.005497980430043939,0.06974,0.1641,0.7084892156983098,0.1302899286777723,0.7084892156983098,3.42514,0.58644,0.78,1:07.032,1:31.581,-0.451s/lap
GAS,Alpine,67.248,91.1231,-0.3632492804662614,1608,0.4467417938119751,10,10,1,0.00042,0.007993390498325622,0.06878,0.14873999999999998,0.6442729649771057,0.16837565552794567,0.6442729649771057,3.05998,0.6974,0.87,1:07.248,1:31.123,-0.363s/lap
LAW,Racing Bulls,66.98,91.2529,-0.4253175228118863,1364,0.4129566292688346,11,11,1,0.00092,0.010209314638959754,0.06584000000000001,0.13214,0.601655270620297,0.1302899286777723,0.601655270620297,2.76604,0.41356,0.9,1:06.980,1:31.253,-0.425s/lap
BOR,Audi,67.318,91.7106,-0.6641074526352071,1544,0.3448993459102394,12,12,1,0.00078,0.0055778335522289535,0.02906,0.05802,0.3388350253495539,0.25485582283204417,0.3388350253495539,1.36032,0.54142,0.78,1:07.318,1:31.711,-0.664s/lap
HUL,Audi,67.636,91.4737,-0.7495504847175862,1633,0.30725720764074654,13,13,1,0.00118,0.006735703823911654,0.026820000000000004,0.0499,0.2815431187930421,0.25485582283204417,0.2815431187930421,1.1538000000000002,0.45858,0.7,1:07.636,1:31.474,-0.750s/lap
COL,Alpine,67.919,91.10929999999999,-0.5879612409014598,1587,0.27226543890799026,14,14,1,0.0021,0.010309131041691021,0.03676,0.06532,0.3192840745878397,0.16837565552794567,0.3192840745878397,1.40368,0.3026,0.9,1:07.919,1:31.109,-0.588s/lap
OCO,Haas F1 Team,67.842,91.7119,-0.3210921454197375,1625,0.23403296594012452,15,15,1,0.00284,0.010448874005514796,0.03238,0.05494,0.25582106775021185,0.2090671809516745,0.25582106775021185,1.1759600000000001,0.5191,0.83,1:07.842,1:31.712,-0.321s/lap
BEA,Haas F1 Team,67.548,91.5702,-0.2432075524009014,1604,0.22645844640112348,16,16,1,0.00456,0.014142080906571685,0.038099999999999995,0.058899999999999994,0.23146487276119868,0.2090671809516745,0.23146487276119868,1.18726,0.4809,0.72,1:07.548,1:31.570,-0.243s/lap
SAI,Williams,68.277,92.3528,-0.4399314191672706,1648,0.16000275840133749,17,17,1,0.00296,0.008053280339964383,0.01998,0.03128,0.15479976921471628,0.3794217169863161,0.15479976921471628,0.6590599999999999,0.52646,0.82,1:08.277,1:32.353,-0.440s/lap
ALB,Williams,68.534,92.10889999999999,-0.6652208822353121,1607,0.13312862003233866,18,18,1,0.0028,0.007274712398660497,0.018340000000000002,0.027320000000000004,0.13770633800223428,0.3794217169863161,0.13770633800223428,0.5637800000000001,0.47354,0.7,1:08.534,1:32.109,-0.665s/lap
PER,Cadillac,68.97,93.1163,-0.5205525971437421,1288,0.06706553313860236,19,20,1,0.00318,0.006675813982272893,0.013739999999999999,0.01984,0.11215457703686431,0.4,0.11215457703686431,0.40656,0.526,0.7,1:08.970,1:33.116,-0.521s/lap
ALO,Aston Martin,69.967,92.4126,-0.8658793072647759,1172,0.06667668852213243,20,19,1,0.00202,0.0044,0.00918,0.01396,0.10959845815789156,0.4,0.10959845815789156,0.30718000000000006,0.58768,0.7,1:09.967,1:32.413,-0.866s/lap
BOT,Cadillac,69.055,93.8817,-0.26062427018782053,1320,0.03538898662537396,21,21,1,0.00146,0.0044,0.0074800000000000005,0.01128,0.10959845815789156,0.4,0.10959845815789156,0.23914000000000002,0.474,0.7,1:09.055,1:33.882,-0.261s/lap
STR,Aston Martin,70.388,93.4824,-0.7874130512677463,1062,0.0,22,22,1,0.00028,0.0044,0.0044,0.0044,0.10959845815789156,0.4,0.10959845815789156,0.058499999999999996,0.41232,0.7,1:10.388,1:33.482,-0.787s/lap
