,LEC,RUS,ANT,HAM,VER,NOR,PIA,HAD,LIN,GAS,LAW,BOR,HUL,COL,OCO,BEA,SAI,ALB,PER,ALO,BOT,STR
LEC,0.0,0.5889,0.6789,0.7278,0.7476,0.8003,0.8151,0.8158,0.8038,0.807,0.8026,0.8164,0.8156,0.8055,0.8092,0.8071,0.8282,0.8296,0.8289,0.832,0.8308,0.833
RUS,0.4111,0.0,0.59,0.6483,0.6873,0.7628,0.792,0.8058,0.8005,0.8037,0.798,0.8157,0.8156,0.8042,0.8083,0.8045,0.8266,0.827,0.8302,0.8308,0.8324,0.8329
ANT,0.3211,0.41,0.0,0.5774,0.6407,0.746,0.7996,0.8135,0.8039,0.8053,0.8008,0.8148,0.8158,0.8028,0.8059,0.804,0.8258,0.827,0.8297,0.8321,0.8313,0.8312
HAM,0.2722,0.3517,0.4226,0.0,0.5902,0.7028,0.7805,0.8052,0.7989,0.8016,0.7949,0.8101,0.8091,0.7975,0.8019,0.7985,0.821,0.8226,0.8257,0.8288,0.8274,0.8301
VER,0.2524,0.3127,0.3593,0.4098,0.0,0.5882,0.6708,0.7491,0.7379,0.741,0.738,0.7689,0.7696,0.7549,0.762,0.7566,0.7893,0.7895,0.7943,0.796,0.7971,0.8011
NOR,0.1997,0.2372,0.254,0.2972,0.4118,0.0,0.624,0.6897,0.7125,0.7167,0.7129,0.7508,0.7514,0.7356,0.7412,0.7389,0.7739,0.7753,0.7812,0.7827,0.7845,0.7878
PIA,0.1849,0.208,0.2004,0.2195,0.3292,0.376,0.0,0.611,0.6656,0.6746,0.676,0.735,0.7373,0.7178,0.7283,0.7257,0.7669,0.7688,0.7772,0.7797,0.7817,0.7866
HAD,0.1842,0.1942,0.1865,0.1948,0.2509,0.3103,0.389,0.0,0.5787,0.605,0.6195,0.7125,0.724,0.6981,0.7163,0.7129,0.7646,0.7684,0.7783,0.7858,0.7891,0.798
LIN,0.1962,0.1995,0.1961,0.2011,0.2621,0.2875,0.3344,0.4213,0.0,0.5484,0.5864,0.7414,0.7643,0.7393,0.7683,0.7716,0.8312,0.8407,0.8589,0.8674,0.8737,0.8889
GAS,0.193,0.1963,0.1947,0.1984,0.259,0.2833,0.3254,0.395,0.4516,0.0,0.5359,0.6992,0.7241,0.6974,0.7273,0.7305,0.7971,0.808,0.8278,0.836,0.8417,0.8583
LAW,0.1974,0.202,0.1992,0.2051,0.262,0.2871,0.324,0.3805,0.4136,0.4641,0.0,0.6803,0.7138,0.6855,0.7251,0.7334,0.8069,0.8233,0.8483,0.8543,0.8639,0.8866
BOR,0.1836,0.1843,0.1852,0.1899,0.2311,0.2492,0.265,0.2875,0.2586,0.3008,0.3197,0.0,0.5414,0.5019,0.554,0.57,0.672,0.694,0.7318,0.7372,0.7501,0.7809
HUL,0.1844,0.1844,0.1842,0.1909,0.2304,0.2486,0.2627,0.276,0.2357,0.2759,0.2862,0.4586,0.0,0.4599,0.5165,0.5375,0.6473,0.6741,0.7145,0.7233,0.7392,0.7734
COL,0.1945,0.1958,0.1972,0.2025,0.2451,0.2644,0.2822,0.3019,0.2607,0.3026,0.3145,0.4981,0.5401,0.0,0.5601,0.5808,0.6973,0.7245,0.7707,0.7791,0.7979,0.8409
OCO,0.1908,0.1917,0.1941,0.1981,0.238,0.2588,0.2717,0.2837,0.2317,0.2727,0.2749,0.446,0.4835,0.4399,0.0,0.5191,0.6437,0.6773,0.7281,0.7309,0.7539,0.8005
BEA,0.1929,0.1955,0.196,0.2015,0.2434,0.2611,0.2743,0.2871,0.2284,0.2695,0.2666,0.43,0.4625,0.4192,0.4809,0.0,0.6297,0.6606,0.7161,0.7203,0.7439,0.7958
SAI,0.1718,0.1734,0.1742,0.179,0.2107,0.2261,0.2331,0.2354,0.1688,0.2029,0.1931,0.328,0.3527,0.3027,0.3563,0.3703,0.0,0.5265,0.5743,0.5802,0.602,0.6512
ALB,0.1704,0.173,0.173,0.1774,0.2105,0.2247,0.2312,0.2316,0.1593,0.192,0.1767,0.306,0.3259,0.2755,0.3227,0.3394,0.4735,0.0,0.5519,0.559,0.5834,0.6371
PER,0.1711,0.1698,0.1703,0.1743,0.2057,0.2188,0.2228,0.2217,0.1411,0.1722,0.1517,0.2682,0.2855,0.2293,0.2719,0.2839,0.4257,0.4481,0.0,0.5024,0.526,0.5897
ALO,0.168,0.1692,0.1679,0.1712,0.204,0.2173,0.2203,0.2142,0.1326,0.164,0.1457,0.2628,0.2767,0.2209,0.2691,0.2797,0.4198,0.441,0.4976,0.0,0.5278,0.5877
BOT,0.1692,0.1676,0.1687,0.1726,0.2029,0.2155,0.2183,0.2109,0.1263,0.1583,0.1361,0.2499,0.2608,0.2021,0.2461,0.2561,0.398,0.4166,0.474,0.4722,0.0,0.5686
STR,0.167,0.1671,0.1688,0.1699,0.1989,0.2122,0.2134,0.202,0.1111,0.1417,0.1134,0.2191,0.2266,0.1591,0.1995,0.2042,0.3488,0.3629,0.4103,0.4123,0.4314,0.0
