,VER,HAM,ANT,LEC,HAD,NOR,RUS,PIA,GAS,LAW,BOR,COL,LIN,SAI,BEA,HUL,OCO,ALB,ALO,PER,STR,BOT
VER,0.0,0.5163,0.5124,0.6026,0.6922,0.6456,0.6805,0.7584,0.8014,0.8004,0.8327,0.8169,0.7954,0.8313,0.7931,0.8105,0.7829,0.8126,0.8615,0.846,0.8642,0.8587
HAM,0.4837,0.0,0.5014,0.6138,0.6749,0.661,0.7254,0.8048,0.8438,0.8366,0.8633,0.847,0.8241,0.8575,0.8184,0.8358,0.8084,0.8377,0.8859,0.8672,0.8853,0.8796
ANT,0.4876,0.4986,0.0,0.6167,0.6818,0.6695,0.736,0.821,0.8659,0.8607,0.8865,0.8718,0.8464,0.879,0.84,0.8583,0.83,0.8599,0.907,0.8886,0.9087,0.9015
LEC,0.3974,0.3862,0.3833,0.0,0.591,0.5672,0.6274,0.744,0.821,0.8173,0.854,0.8342,0.8099,0.8472,0.8057,0.8249,0.796,0.828,0.8828,0.8626,0.8836,0.8772
HAD,0.3078,0.3251,0.3182,0.409,0.0,0.4763,0.4995,0.6255,0.7301,0.7518,0.8022,0.7842,0.764,0.8093,0.7655,0.7873,0.7569,0.7963,0.8579,0.834,0.8621,0.8541
NOR,0.3544,0.339,0.3305,0.4328,0.5237,0.0,0.5382,0.6756,0.748,0.7603,0.8056,0.7869,0.7659,0.807,0.7647,0.7873,0.7564,0.7933,0.8529,0.8322,0.856,0.8483
RUS,0.3195,0.2746,0.264,0.3726,0.5005,0.4618,0.0,0.665,0.8016,0.8115,0.8635,0.8402,0.8149,0.8578,0.8111,0.8342,0.8012,0.8401,0.9016,0.8761,0.9033,0.8956
PIA,0.2416,0.1952,0.179,0.256,0.3745,0.3244,0.335,0.0,0.6553,0.6992,0.7713,0.7482,0.7341,0.7867,0.737,0.7643,0.7277,0.7753,0.8508,0.8231,0.856,0.8457
GAS,0.1986,0.1562,0.1341,0.179,0.2699,0.252,0.1984,0.3447,0.0,0.615,0.7302,0.7202,0.7282,0.7877,0.7388,0.7686,0.7281,0.792,0.8901,0.8527,0.9015,0.8882
LAW,0.1996,0.1634,0.1393,0.1827,0.2482,0.2397,0.1885,0.3008,0.385,0.0,0.6242,0.6196,0.6766,0.7377,0.7047,0.7331,0.6936,0.7724,0.8872,0.8489,0.9148,0.8958
BOR,0.1673,0.1367,0.1135,0.146,0.1978,0.1944,0.1365,0.2287,0.2698,0.3758,0.0,0.499,0.5747,0.6394,0.6091,0.6455,0.6024,0.6895,0.8116,0.7733,0.8457,0.8269
COL,0.1831,0.153,0.1282,0.1658,0.2158,0.2131,0.1598,0.2518,0.2798,0.3804,0.501,0.0,0.5834,0.6487,0.6277,0.6569,0.6226,0.7128,0.8352,0.8048,0.8863,0.8653
LIN,0.2046,0.1759,0.1536,0.1901,0.236,0.2341,0.1851,0.2659,0.2718,0.3234,0.4253,0.4166,0.0,0.5703,0.559,0.5876,0.5599,0.6653,0.7775,0.772,0.8764,0.8545
SAI,0.1687,0.1425,0.121,0.1528,0.1907,0.193,0.1422,0.2133,0.2123,0.2623,0.3606,0.3513,0.4297,0.0,0.4891,0.515,0.4878,0.5852,0.7014,0.6885,0.7809,0.7607
BEA,0.2069,0.1816,0.16,0.1943,0.2345,0.2353,0.1889,0.263,0.2612,0.2953,0.3909,0.3723,0.441,0.5109,0.0,0.526,0.5071,0.6052,0.7082,0.7153,0.814,0.8011
HUL,0.1895,0.1642,0.1417,0.1751,0.2127,0.2127,0.1658,0.2357,0.2314,0.2669,0.3545,0.3431,0.4124,0.485,0.474,0.0,0.4792,0.5814,0.6858,0.6923,0.7931,0.7789
OCO,0.2171,0.1916,0.17,0.204,0.2431,0.2436,0.1988,0.2723,0.2719,0.3064,0.3976,0.3774,0.4401,0.5122,0.4929,0.5208,0.0,0.5947,0.6958,0.7067,0.7994,0.7885
ALB,0.1874,0.1623,0.1401,0.172,0.2037,0.2067,0.1599,0.2247,0.208,0.2276,0.3105,0.2872,0.3347,0.4148,0.3948,0.4186,0.4053,0.0,0.5941,0.6136,0.7058,0.6997
ALO,0.1385,0.1141,0.093,0.1172,0.1421,0.1471,0.0984,0.1492,0.1099,0.1128,0.1884,0.1648,0.2225,0.2986,0.2918,0.3142,0.3042,0.4059,0.0,0.5268,0.6298,0.6199
PER,0.154,0.1328,0.1114,0.1374,0.166,0.1678,0.1239,0.1769,0.1473,0.1511,0.2267,0.1952,0.228,0.3115,0.2847,0.3077,0.2933,0.3864,0.4732,0.0,0.5807,0.5814
STR,0.1358,0.1147,0.0913,0.1164,0.1379,0.144,0.0967,0.144,0.0985,0.0852,0.1543,0.1137,0.1236,0.2191,0.186,0.2069,0.2006,0.2942,0.3702,0.4193,0.0,0.5191
BOT,0.1413,0.1204,0.0985,0.1228,0.1459,0.1517,0.1044,0.1543,0.1118,0.1042,0.1731,0.1347,0.1455,0.2393,0.1989,0.2211,0.2115,0.3003,0.3801,0.4186,0.4809,0.0
