,RUS,NOR,LEC,HAM,VER,PIA,ANT,HAD,GAS,LAW,BEA,LIN,OCO,BOR,SAI,HUL,ALO,COL,ALB,PER,BOT,STR
RUS,0.0,0.5879,0.6797,0.7378,0.7553,0.8104,0.8098,0.8284,0.8261,0.8242,0.8314,0.8258,0.8323,0.836,0.8461,0.8342,0.8531,0.8245,0.8459,0.8502,0.8519,0.854
NOR,0.4121,0.0,0.5761,0.6404,0.6766,0.7661,0.7555,0.7844,0.7825,0.7796,0.7905,0.7818,0.7906,0.7939,0.8086,0.7936,0.8182,0.7818,0.8077,0.8181,0.8182,0.8186
LEC,0.3203,0.4239,0.0,0.6104,0.6682,0.8079,0.8193,0.8389,0.8337,0.8303,0.8366,0.8298,0.8366,0.8383,0.8501,0.8358,0.8563,0.826,0.8491,0.8549,0.8564,0.8583
HAM,0.2622,0.3596,0.3896,0.0,0.5962,0.7729,0.7929,0.8341,0.8295,0.8258,0.8332,0.8267,0.833,0.8352,0.8473,0.8329,0.8535,0.822,0.8469,0.8527,0.8554,0.8543
VER,0.2447,0.3234,0.3318,0.4038,0.0,0.635,0.638,0.774,0.7632,0.7635,0.7864,0.7779,0.7899,0.7969,0.8124,0.7947,0.8249,0.781,0.8114,0.8214,0.8235,0.825
PIA,0.1896,0.2339,0.1921,0.2271,0.365,0.0,0.5085,0.6962,0.727,0.7318,0.7643,0.7564,0.7724,0.781,0.7998,0.779,0.813,0.7614,0.8005,0.81,0.8158,0.8162
ANT,0.1902,0.2445,0.1807,0.2071,0.362,0.4915,0.0,0.7442,0.7946,0.7943,0.8175,0.8097,0.8214,0.8244,0.8392,0.82,0.8516,0.8057,0.8382,0.8477,0.8508,0.8544
HAD,0.1716,0.2156,0.1611,0.1659,0.226,0.3038,0.2558,0.0,0.5749,0.6136,0.7059,0.7019,0.7427,0.7662,0.7888,0.7645,0.8116,0.7425,0.795,0.8107,0.8191,0.8236
GAS,0.1739,0.2175,0.1663,0.1705,0.2368,0.273,0.2054,0.4251,0.0,0.5732,0.7189,0.7254,0.7803,0.8128,0.8394,0.8139,0.8661,0.7919,0.8463,0.8645,0.8743,0.8799
LAW,0.1758,0.2204,0.1697,0.1742,0.2365,0.2682,0.2057,0.3864,0.4268,0.0,0.6758,0.689,0.7608,0.8173,0.847,0.8234,0.8812,0.7979,0.8601,0.8835,0.8966,0.9038
BEA,0.1686,0.2095,0.1634,0.1668,0.2136,0.2357,0.1825,0.2941,0.2811,0.3242,0.0,0.5079,0.61,0.7054,0.7405,0.7233,0.7942,0.689,0.7709,0.8128,0.8331,0.8462
LIN,0.1742,0.2182,0.1702,0.1733,0.2221,0.2436,0.1903,0.2981,0.2746,0.311,0.4921,0.0,0.6109,0.7304,0.7653,0.7581,0.825,0.7197,0.8046,0.8581,0.8835,0.8978
OCO,0.1677,0.2094,0.1634,0.167,0.2101,0.2276,0.1786,0.2573,0.2197,0.2392,0.39,0.3891,0.0,0.638,0.6739,0.6695,0.7421,0.6274,0.7239,0.7912,0.8193,0.8393
BOR,0.164,0.2061,0.1617,0.1648,0.2031,0.219,0.1756,0.2338,0.1872,0.1827,0.2946,0.2696,0.362,0.0,0.5447,0.5443,0.6203,0.4971,0.613,0.7099,0.7528,0.7848
SAI,0.1539,0.1914,0.1499,0.1527,0.1876,0.2002,0.1608,0.2112,0.1606,0.153,0.2595,0.2347,0.3261,0.4553,0.0,0.4952,0.57,0.449,0.5593,0.6471,0.6809,0.7093
HUL,0.1658,0.2064,0.1642,0.1671,0.2053,0.221,0.18,0.2355,0.1861,0.1766,0.2767,0.2419,0.3305,0.4557,0.5048,0.0,0.5798,0.4502,0.5684,0.675,0.724,0.7645
ALO,0.1469,0.1818,0.1437,0.1465,0.1751,0.187,0.1484,0.1884,0.1339,0.1188,0.2058,0.175,0.2579,0.3797,0.43,0.4202,0.0,0.3709,0.4855,0.5814,0.6179,0.6456
COL,0.1755,0.2182,0.174,0.178,0.219,0.2386,0.1943,0.2575,0.2081,0.2021,0.311,0.2803,0.3726,0.5029,0.551,0.5498,0.6291,0.0,0.6193,0.7272,0.7752,0.8181
ALB,0.1541,0.1923,0.1509,0.1531,0.1886,0.1995,0.1618,0.205,0.1537,0.1399,0.2291,0.1954,0.2761,0.387,0.4407,0.4316,0.5145,0.3807,0.0,0.602,0.6448,0.6837
PER,0.1498,0.1819,0.1451,0.1473,0.1786,0.19,0.1523,0.1893,0.1355,0.1165,0.1872,0.1419,0.2088,0.2901,0.3529,0.325,0.4186,0.2728,0.398,0.0,0.5431,0.5871
BOT,0.1481,0.1818,0.1436,0.1446,0.1765,0.1842,0.1492,0.1809,0.1257,0.1034,0.1669,0.1165,0.1807,0.2472,0.3191,0.276,0.3821,0.2248,0.3552,0.4569,0.0,0.5488
STR,0.146,0.1814,0.1417,0.1457,0.175,0.1838,0.1456,0.1764,0.1201,0.0962,0.1538,0.1022,0.1607,0.2152,0.2907,0.2355,0.3544,0.1819,0.3163,0.4129,0.4512,0.0
