,P1,P2,P3,P4,P5,P6,P7,P8,P9,P10,P11,P12,P13,P14,P15,P16,P17,P18,P19,P20,P21,P22,P_BeatTeammate,P_DNF
RUS,0.4574,0.20928,0.07874,0.03392,0.01632,0.00998,0.00662,0.0037,0.00152,0.00064,0.00018,0.00032,0.00062,0.00198,0.00444,0.00956,0.01498,0.02238,0.0277,0.03232,0.03328,0.03412,0.81038,0.18226369621428032
NOR,0.29062,0.2279,0.11882,0.06736,0.03198,0.01518,0.00828,0.00552,0.00266,0.00138,0.00066,0.00062,0.00094,0.00216,0.00542,0.01182,0.01846,0.02832,0.03576,0.04056,0.04348,0.0421,0.76296,0.2268107910460393
LEC,0.12728,0.24264,0.24808,0.1378,0.04842,0.00974,0.0021,0.00036,0.00018,8e-05,0.0001,0.0002,0.001,0.00206,0.00424,0.0101,0.01564,0.02286,0.02762,0.0317,0.03406,0.03374,0.60614,0.18226369621428032
HAM,0.05686,0.16442,0.24538,0.2158,0.09912,0.02694,0.00684,0.00154,0.00042,0.00016,0.00018,8e-05,0.00076,0.00218,0.00414,0.00946,0.01586,0.02238,0.02772,0.03184,0.0342,0.03372,0.39386,0.18226369621428032
VER,0.04994,0.11246,0.15558,0.16322,0.1343,0.0811,0.04288,0.01836,0.01016,0.0055,0.00342,0.00176,0.00178,0.00254,0.00534,0.01092,0.01794,0.0276,0.03366,0.03898,0.04066,0.0419,0.77106,0.21773835940419775
PIA,0.0027,0.01802,0.06694,0.14604,0.20142,0.16514,0.0878,0.0402,0.01892,0.01068,0.00646,0.00354,0.00256,0.00246,0.0058,0.0106,0.0195,0.02892,0.03708,0.03902,0.04388,0.04232,0.23704,0.2268107910460393
ANT,0.0015,0.01138,0.05192,0.1395,0.22482,0.21456,0.11752,0.0408,0.0107,0.0031,0.00104,0.0006,0.00086,0.00208,0.00508,0.00932,0.01524,0.02194,0.02828,0.0313,0.03436,0.0341,0.18962,0.18226369621428032
HAD,8e-05,0.00104,0.00696,0.03118,0.08036,0.1469,0.1775,0.1466,0.08944,0.05084,0.02648,0.01326,0.00648,0.00568,0.00696,0.01142,0.01778,0.02696,0.0327,0.0398,0.04084,0.04074,0.22894,0.21773835940419775
GAS,4e-05,0.00046,0.00358,0.0147,0.04702,0.10494,0.16268,0.1865,0.15512,0.09476,0.04826,0.02028,0.00792,0.00422,0.00458,0.00786,0.01264,0.01876,0.0229,0.0256,0.02864,0.02854,0.78962,0.14678903302436289
LAW,0.00016,0.00098,0.00356,0.01258,0.03498,0.07792,0.13136,0.16726,0.16378,0.13524,0.08354,0.04462,0.01966,0.00826,0.00494,0.0069,0.0098,0.01348,0.01772,0.02124,0.02074,0.02128,0.68924,0.1135860916678015
BEA,0.0002,0.00094,0.00178,0.00622,0.01606,0.03534,0.0629,0.09768,0.12816,0.13088,0.1235,0.09266,0.06108,0.03496,0.02002,0.01556,0.01774,0.02272,0.02782,0.03314,0.035,0.03564,0.60682,0.18226369621428032
LIN,0.00056,0.00072,0.00258,0.00612,0.01612,0.03228,0.05726,0.08858,0.1201,0.13782,0.13762,0.11588,0.08136,0.04982,0.02804,0.0166,0.01424,0.01468,0.01738,0.02062,0.02112,0.0205,0.31076,0.1135860916678015
OCO,0.00056,0.0008,0.00222,0.00404,0.01036,0.02014,0.03812,0.05714,0.08212,0.10666,0.1216,0.121,0.1039,0.07396,0.04628,0.03104,0.0254,0.02592,0.02852,0.03124,0.03522,0.03376,0.39318,0.18226369621428032
BOR,0.0016,0.00112,0.00218,0.0039,0.00682,0.01194,0.02036,0.0288,0.0417,0.06146,0.07852,0.09648,0.10812,0.10698,0.0936,0.07264,0.05464,0.04558,0.0418,0.03944,0.0398,0.04252,0.54538,0.2221819993920385
SAI,0.0006,0.00066,0.00102,0.00228,0.00448,0.00756,0.01462,0.02296,0.03554,0.05418,0.07114,0.0887,0.0973,0.09306,0.08434,0.0657,0.05686,0.0522,0.0576,0.06126,0.06426,0.06368,0.55506,0.3307779071162755
HUL,0.00264,0.00188,0.00336,0.00432,0.0082,0.01106,0.0169,0.02344,0.0334,0.04598,0.06394,0.08266,0.09836,0.1052,0.10158,0.0925,0.07318,0.05594,0.04646,0.04312,0.04304,0.04284,0.45462,0.2221819993920385
ALO,0.0001,0.00014,0.00048,0.00064,0.00144,0.003,0.0068,0.01194,0.02174,0.03666,0.057,0.07386,0.08866,0.09868,0.09144,0.07584,0.06964,0.06336,0.07012,0.0727,0.07586,0.0799,0.64794,0.4
COL,0.00486,0.0032,0.00396,0.0062,0.00994,0.01464,0.02124,0.03008,0.04016,0.05458,0.07158,0.08996,0.1012,0.11056,0.10148,0.09202,0.07218,0.0505,0.03698,0.03006,0.0275,0.02712,0.21038,0.14678903302436289
ALB,0.00078,0.00078,0.0012,0.00204,0.00398,0.0064,0.01006,0.01522,0.02476,0.03602,0.05252,0.06892,0.08394,0.09486,0.10042,0.09448,0.08092,0.0697,0.0648,0.062,0.06342,0.06278,0.44494,0.3307779071162755
PER,0.00098,0.00064,0.0009,0.00142,0.0024,0.0036,0.00504,0.00838,0.01128,0.019,0.02596,0.04014,0.05706,0.07582,0.09548,0.1063,0.11098,0.10444,0.09152,0.08304,0.07854,0.07708,0.5434,0.4
BOT,0.0004,0.00034,0.00052,0.00054,0.00102,0.00136,0.00228,0.00374,0.00592,0.00974,0.01712,0.02682,0.04506,0.06708,0.09602,0.11888,0.1261,0.12318,0.10426,0.09102,0.07836,0.08024,0.4566,0.4
STR,0.00014,0.0002,0.00024,0.00018,0.00044,0.00028,0.00084,0.0012,0.00222,0.00464,0.00918,0.01764,0.03138,0.0554,0.09036,0.12048,0.14028,0.13818,0.1216,0.1,0.08374,0.08138,0.35206,0.4
